{"cameraMode":{"drawMode":0,"name":"Shaded","section":"Shading Mode"},"sceneLighting":true,"audioPlay":false,"sceneViewState":{"m_AlwaysRefresh":false,"showFog":true,"showSkybox":true,"showFlares":true,"showImageEffects":true,"showParticleSystems":true,"showVisualEffectGraphs":true,"m_FxEnabled":true},"in2DMode":false,"pivot":{"x":462.4613342285156,"y":27.520580291748048,"z":161.22222900390626},"rotation":{"x":-0.07822705060243607,"y":0.008072268217802048,"z":-0.0006334003992378712,"w":-0.9969030022621155},"size":543.51416015625,"orthographic":false}